ROWNUM,Name,AdmArea,District,ParkName,WiFiName,CoverageArea,FunctionFlag,AccessFlag,Password,Longitude_WGS84,Latitude_WGS84,global_id,
1,"Точка доступа №118","Восточный ","Перово","Государственное автономное учреждение культуры города Москвы «Перовский парк культуры и отдыха»","Moscow_WiFi_Free","20","действует","открытая сеть","","37.775872","55.741011","20660156",
2,"Точка доступа №124","Восточный ","Перово","Государственное автономное учреждение культуры города Москвы «Перовский парк культуры и отдыха»","Moscow_WiFi_Free","20","действует","открытая сеть","","37.772653","55.74121","20660162",
3,"Точка доступа №119","Восточный ","Перово","Государственное автономное учреждение культуры города Москвы «Перовский парк культуры и отдыха»","Moscow_WiFi_Free","20","действует","открытая сеть","","37.776709","55.741325","20660157",
4,"Точка доступа №116","Восточный ","Перово","Государственное автономное учреждение культуры города Москвы «Перовский парк культуры и отдыха»","Moscow_WiFi_Free","20","действует","открытая сеть","","37.776956","55.74052","20660154",
5,"Точка доступа №122","Восточный ","Перово","Государственное автономное учреждение культуры города Москвы «Перовский парк культуры и отдыха»","Moscow_WiFi_Free","20","действует","открытая сеть","","37.774488","55.74193","20660160",
6,"Точка доступа №120","Восточный ","Перово","Государственное автономное учреждение культуры города Москвы «Перовский парк культуры и отдыха»","Moscow_WiFi_Free","20","действует","открытая сеть","","37.77643","55.7419","20660158",
7,"Точка доступа №117","Восточный ","Перово","Государственное автономное учреждение культуры города Москвы «Перовский парк культуры и отдыха»","Moscow_WiFi_Free","20","действует","открытая сеть","","37.775185","55.739703","20660155",
8,"Точка доступа №115","Восточный ","Перово","Государственное автономное учреждение культуры города Москвы «Перовский парк культуры и отдыха»","Moscow_WiFi_Free","20","действует","открытая сеть","","37.776451","55.739425","20660153",
9,"Точка доступа №123","Восточный ","Перово","Государственное автономное учреждение культуры города Москвы «Перовский парк культуры и отдыха»","Moscow_WiFi_Free","20","действует","открытая сеть","","37.775711","55.743498","20660161",
10,"Точка доступа №121","Восточный ","Перово","Государственное автономное учреждение культуры города Москвы «Перовский парк культуры и отдыха»","Moscow_WiFi_Free","20","действует","открытая сеть","","37.774853","55.74262","20660159",
11,"Точка доступа №126","Восточный ","Перово","Государственное автономное учреждение культуры города Москвы «Перовский парк культуры и отдыха»","Moscow_WiFi_Free","20","действует","открытая сеть","","37.772868","55.741579","20660164",
12,"Точка доступа №134","Центральный ","Басманный","Государственное автономное учреждение культуры города Москвы «Сад культуры и отдыха имени Н.Э.Баумана»","Moscow_WiFi_Free","20","действует","открытая сеть","","37.659377","55.768302","20660172",
13,"Точка доступа №133","Центральный ","Басманный","Государственное автономное учреждение культуры города Москвы «Сад культуры и отдыха имени Н.Э.Баумана»","Moscow_WiFi_Free","20","действует","открытая сеть","","37.660257","55.768231","20660171",
14,"Точка доступа №125","Восточный ","Перово","Государственное автономное учреждение культуры города Москвы «Перовский парк культуры и отдыха»","Moscow_WiFi_Free","20","действует","открытая сеть","","37.772042","55.739558","20660163",
15,"Точка доступа №130","Центральный ","Басманный","Государственное автономное учреждение культуры города Москвы «Сад культуры и отдыха имени Н.Э.Баумана»","Moscow_WiFi_Free","20","действует","открытая сеть","","37.660699","55.766811","20660168",
16,"Точка доступа №131","Центральный ","Басманный","Государственное автономное учреждение культуры города Москвы «Сад культуры и отдыха имени Н.Э.Баумана»","Moscow_WiFi_Free","20","действует","открытая сеть","","37.660101","55.767398","20660169",
17,"Точка доступа №129","Центральный ","Басманный","Государственное автономное учреждение культуры города Москвы «Сад культуры и отдыха имени Н.Э.Баумана»","Moscow_WiFi_Free","20","действует","открытая сеть","","37.660678","55.766413","20660167",
18,"Точка доступа №128","Восточный ","Перово","Государственное автономное учреждение культуры города Москвы «Перовский парк культуры и отдыха»","Moscow_WiFi_Free","20","действует","открытая сеть","","37.77544","55.744764","20660166",
19,"Точка доступа №127","Восточный ","Перово","Государственное автономное учреждение культуры города Москвы «Перовский парк культуры и отдыха»","Moscow_WiFi_Free","20","действует","открытая сеть","","37.774045","55.744171","20660165",
20,"Точка доступа №132","Центральный ","Басманный","Государственное автономное учреждение культуры города Москвы «Сад культуры и отдыха имени Н.Э.Баумана»","Moscow_WiFi_Free","20","действует","открытая сеть","","37.659642","55.767513","20660170",
21,"Точка доступа №137","Центральный ","Басманный","Государственное автономное учреждение культуры города Москвы «Сад культуры и отдыха имени Н.Э.Баумана»","Moscow_WiFi_Free","20","действует","открытая сеть","","37.659186","55.766444","20660175",
22,"Точка доступа №138","Центральный ","Басманный","Государственное автономное учреждение культуры города Москвы «Сад культуры и отдыха имени Н.Э.Баумана»","Moscow_WiFi_Free","20","действует","открытая сеть","","37.659061","55.766178","20660176",
23,"Точка доступа №141","Западный ","Раменки","Государственное бюджетное учреждение города Москвы «Молодежный центр «Сетуньский Стан»","Moscow_WiFi_Free","20","действует","открытая сеть","","37.538605","55.730709","20660179",
24,"Точка доступа №140","Западный ","Раменки","Государственное бюджетное учреждение города Москвы «Молодежный центр «Сетуньский Стан»","Moscow_WiFi_Free","20","действует","открытая сеть","","37.539211","55.730671","20660178",
25,"Точка доступа №136","Центральный ","Басманный","Государственное автономное учреждение культуры города Москвы «Сад культуры и отдыха имени Н.Э.Баумана»","Moscow_WiFi_Free","20","действует","открытая сеть","","37.658722","55.767814","20660174",
26,"Точка доступа №135","Центральный ","Басманный","Государственное автономное учреждение культуры города Москвы «Сад культуры и отдыха имени Н.Э.Баумана»","Moscow_WiFi_Free","20","действует","открытая сеть","","37.658706","55.768227","20660173",
27,"Точка доступа №143","Западный ","Раменки","Государственное бюджетное учреждение города Москвы «Молодежный центр «Сетуньский Стан»","Moscow_WiFi_Free","20","действует","открытая сеть","","37.53751","55.730674","20660181",
28,"Точка доступа №139","Центральный ","Басманный","Государственное автономное учреждение культуры города Москвы «Сад культуры и отдыха имени Н.Э.Баумана»","Moscow_WiFi_Free","20","действует","открытая сеть","","37.660005","55.766057","20660177",
29,"Точка доступа №1","Центральный ","Тверской","Государственное автономное учреждение культуры города Москвы «Московский городской сад «Эрмитаж»","Moscow_WiFi_Free","20","действует","открытая сеть","","37.673665","55.795142","20660182",
30,"Точка доступа №142","Западный ","Раменки","Государственное бюджетное учреждение города Москвы «Молодежный центр «Сетуньский Стан»","Moscow_WiFi_Free","20","действует","открытая сеть","","37.5381","55.73084","20660180",
31,"Точка доступа №6","Центральный ","Тверской","Государственное автономное учреждение культуры города Москвы «Московский городской сад «Эрмитаж»","Moscow_WiFi_Free","20","действует","открытая сеть","","37.607661","55.771482","20660187",
32,"Точка доступа №2","Центральный ","Тверской","Государственное автономное учреждение культуры города Москвы «Московский городской сад «Эрмитаж»","Moscow_WiFi_Free","20","действует","открытая сеть","","37.608279","55.769665","20660183",
33,"Точка доступа №4","Центральный ","Тверской","Государственное автономное учреждение культуры города Москвы «Московский городской сад «Эрмитаж»","Moscow_WiFi_Free","20","действует","открытая сеть","","37.607455","55.770649","20660185",
34,"Точка доступа №3","Центральный ","Тверской","Государственное автономное учреждение культуры города Москвы «Московский городской сад «Эрмитаж»","Moscow_WiFi_Free","20","действует","открытая сеть","","37.607674","55.770004","20660184",
35,"Точка доступа №10","Северо-Восточный ","Лосиноостровский","Государственное автономное учреждение культуры города Москвы «Парк культуры и отдыха «Бабушкинский»","Moscow_WiFi_Free","20","действует","открытая сеть","","37.681585","55.866711","20660191",
36,"Точка доступа №7","Центральный ","Тверской","Государственное автономное учреждение культуры города Москвы «Московский городской сад «Эрмитаж»","Moscow_WiFi_Free","20","действует","открытая сеть","","37.609817","55.771315","20660188",
37,"Точка доступа №11","Северо-Восточный ","Лосиноостровский","Государственное автономное учреждение культуры города Москвы «Парк культуры и отдыха «Бабушкинский»","Moscow_WiFi_Free","20","действует","открытая сеть","","37.682291","55.866575","20660192",
38,"Точка доступа №9","Центральный ","Тверской","Государственное автономное учреждение культуры города Москвы «Московский городской сад «Эрмитаж»","Moscow_WiFi_Free","20","действует","открытая сеть","","37.611506","55.770298","20660190",
39,"Точка доступа №8","Центральный ","Тверской","Государственное автономное учреждение культуры города Москвы «Московский городской сад «Эрмитаж»","Moscow_WiFi_Free","20","действует","открытая сеть","","37.610629","55.770828","20660189",
40,"Точка доступа №5","Центральный ","Тверской","Государственное автономное учреждение культуры города Москвы «Московский городской сад «Эрмитаж»","Moscow_WiFi_Free","20","действует","открытая сеть","","37.60719","55.771009","20660186",
41,"Точка доступа №13","Северо-Восточный ","Лосиноостровский","Государственное автономное учреждение культуры города Москвы «Парк культуры и отдыха «Бабушкинский»","Moscow_WiFi_Free","20","действует","открытая сеть","","37.683048","55.867602","20660194",
42,"Точка доступа №17","Юго-Восточный ","Люблино","Государственное автономное учреждение культуры города Москвы «Парк культуры и отдыха «Люблино»","Moscow_WiFi_Free","20","действует","открытая сеть","","37.742289","55.686662","20660198",
43,"Точка доступа №21","Юго-Восточный ","Люблино","Государственное автономное учреждение культуры города Москвы «Парк культуры и отдыха «Люблино»","Moscow_WiFi_Free","20","действует","открытая сеть","","37.739982","55.687825","20660202",
44,"Точка доступа №12","Северо-Восточный ","Лосиноостровский","Государственное автономное учреждение культуры города Москвы «Парк культуры и отдыха «Бабушкинский»","Moscow_WiFi_Free","20","действует","открытая сеть","","37.682588","55.867336","20660193",
45,"Точка доступа №20","Юго-Восточный ","Люблино","Государственное автономное учреждение культуры города Москвы «Парк культуры и отдыха «Люблино»","Moscow_WiFi_Free","20","действует","открытая сеть","","37.740207","55.687383","20660201",
46,"Точка доступа №15","Северо-Восточный ","Лосиноостровский","Государственное автономное учреждение культуры города Москвы «Парк культуры и отдыха «Бабушкинский»","Moscow_WiFi_Free","20","действует","открытая сеть","","37.683599","55.868704","20660196",
47,"Точка доступа №14","Северо-Восточный ","Лосиноостровский","Государственное автономное учреждение культуры города Москвы «Парк культуры и отдыха «Бабушкинский»","Moscow_WiFi_Free","20","действует","открытая сеть","","37.684009","55.868166","20660195",
48,"Точка доступа №18","Юго-Восточный ","Люблино","Государственное автономное учреждение культуры города Москвы «Парк культуры и отдыха «Люблино»","Moscow_WiFi_Free","20","действует","открытая сеть","","37.742407","55.687498","20660199",
49,"Точка доступа №19","Юго-Восточный ","Люблино","Государственное автономное учреждение культуры города Москвы «Парк культуры и отдыха «Люблино»","Moscow_WiFi_Free","20","действует","открытая сеть","","37.741709","55.687147","20660200",
50,"Точка доступа №16","Северо-Восточный ","Лосиноостровский","Государственное автономное учреждение культуры города Москвы «Парк культуры и отдыха «Бабушкинский»","Moscow_WiFi_Free","20","действует","открытая сеть","","37.684594","55.868632","20660197",
51,"Точка доступа №23","Юго-Восточный ","Люблино","Государственное автономное учреждение культуры города Москвы «Парк культуры и отдыха «Люблино»","Moscow_WiFi_Free","20","действует","открытая сеть","","37.741398","55.688755","20660204",
52,"Точка доступа №24","Юго-Восточный ","Люблино","Государственное автономное учреждение культуры города Москвы «Парк культуры и отдыха «Люблино»","Moscow_WiFi_Free","20","действует","открытая сеть","","37.742181","55.68801","20660205",
53,"Точка доступа №26","Юго-Восточный ","Люблино","Государственное автономное учреждение культуры города Москвы «Парк культуры и отдыха «Люблино»","Moscow_WiFi_Free","20","действует","открытая сеть","","37.746199","55.686773","20660207",
54,"Точка доступа №28","Юго-Восточный ","Люблино","Государственное автономное учреждение культуры города Москвы «Парк культуры и отдыха «Люблино»","Moscow_WiFi_Free","20","действует","открытая сеть","","37.747851","55.687578","20660209",
55,"Точка доступа №22","Юго-Восточный ","Люблино","Государственное автономное учреждение культуры города Москвы «Парк культуры и отдыха «Люблино»","Moscow_WiFi_Free","20","действует","открытая сеть","","37.740744","55.688113","20660203",
56,"Точка доступа №30","Северо-Западный ","Северное Тушино","Государственное автономное учреждение культуры города Москвы «Парк культуры и отдыха «Северное Тушино»","Moscow_WiFi_Free","20","действует","открытая сеть","","37.452758","55.863316","20660211",
57,"Точка доступа №27","Юго-Восточный ","Люблино","Государственное автономное учреждение культуры города Москвы «Парк культуры и отдыха «Люблино»","Moscow_WiFi_Free","20","действует","открытая сеть","","37.746907","55.687282","20660208",
58,"Точка доступа №25","Юго-Восточный ","Люблино","Государственное автономное учреждение культуры города Москвы «Парк культуры и отдыха «Люблино»","Moscow_WiFi_Free","20","действует","открытая сеть","","37.740379","55.688791","20660206",
59,"Точка доступа №29","Юго-Восточный ","Люблино","Государственное автономное учреждение культуры города Москвы «Парк культуры и отдыха «Люблино»","Moscow_WiFi_Free","20","действует","открытая сеть","","37.742418","55.687422","20660210",
60,"Точка доступа №31","Северо-Западный ","Северное Тушино","Государственное автономное учреждение культуры города Москвы «Парк культуры и отдыха «Северное Тушино»","Moscow_WiFi_Free","20","действует","открытая сеть","","37.44984","55.863847","20660212",
61,"Точка доступа №32","Северо-Западный ","Северное Тушино","Государственное автономное учреждение культуры города Москвы «Парк культуры и отдыха «Северное Тушино»","Moscow_WiFi_Free","20","действует","открытая сеть","","37.449325","55.863039","20660213",
62,"Точка доступа №37","Северо-Западный ","Северное Тушино","Государственное автономное учреждение культуры города Москвы «Парк культуры и отдыха «Северное Тушино»","Moscow_WiFi_Free","20","действует","открытая сеть","","37.45086","55.861361","20660218",
63,"Точка доступа №36","Северо-Западный ","Северное Тушино","Государственное автономное учреждение культуры города Москвы «Парк культуры и отдыха «Северное Тушино»","Moscow_WiFi_Free","20","действует","открытая сеть","","37.45189","55.86188","20660217",
64,"Точка доступа №34","Северо-Западный ","Северное Тушино","Государственное автономное учреждение культуры города Москвы «Парк культуры и отдыха «Северное Тушино»","Moscow_WiFi_Free","20","действует","открытая сеть","","37.450651","55.862677","20660215",
65,"Точка доступа №33","Северо-Западный ","Северное Тушино","Государственное автономное учреждение культуры города Москвы «Парк культуры и отдыха «Северное Тушино»","Moscow_WiFi_Free","20","действует","открытая сеть","","37.450479","55.863039","20660214",
66,"Точка доступа №35","Северо-Западный ","Северное Тушино","Государственное автономное учреждение культуры города Москвы «Парк культуры и отдыха «Северное Тушино»","Moscow_WiFi_Free","20","действует","открытая сеть","","37.449149","55.862447","20660216",
67,"Точка доступа №38","Северо-Западный ","Северное Тушино","Государственное автономное учреждение культуры города Москвы «Парк культуры и отдыха «Северное Тушино»","Moscow_WiFi_Free","20","действует","открытая сеть","","37.450319","55.861011","20660219",
68,"Точка доступа №39","Северо-Западный ","Северное Тушино","Государственное автономное учреждение культуры города Москвы «Парк культуры и отдыха «Северное Тушино»","Moscow_WiFi_Free","20","действует","открытая сеть","","37.449397","55.860523","20660220",
69,"Точка доступа №40","Северо-Западный ","Северное Тушино","Государственное автономное учреждение культуры города Москвы «Парк культуры и отдыха «Северное Тушино»","Moscow_WiFi_Free","20","действует","открытая сеть","","37.450207","55.860704","20660221",
70,"Точка доступа №41","Северо-Западный ","Северное Тушино","Государственное автономное учреждение культуры города Москвы «Парк культуры и отдыха «Северное Тушино»","Moscow_WiFi_Free","20","действует","открытая сеть","","37.451045","55.860945","20660222",
71,"Точка доступа №46","Северо-Западный ","Северное Тушино","Государственное автономное учреждение культуры города Москвы «Парк культуры и отдыха «Северное Тушино»","Moscow_WiFi_Free","20","действует","открытая сеть","","37.450984","55.859931","20660227",
72,"Точка доступа №42","Северо-Западный ","Северное Тушино","Государственное автономное учреждение культуры города Москвы «Парк культуры и отдыха «Северное Тушино»","Moscow_WiFi_Free","20","действует","открытая сеть","","37.451628","55.861017","20660223",
73,"Точка доступа №48","Северо-Западный ","Северное Тушино","Государственное автономное учреждение культуры города Москвы «Парк культуры и отдыха «Северное Тушино»","Moscow_WiFi_Free","20","действует","открытая сеть","","37.452184","55.860076","20660229",
74,"Точка доступа №45","Северо-Западный ","Северное Тушино","Государственное автономное учреждение культуры города Москвы «Парк культуры и отдыха «Северное Тушино»","Moscow_WiFi_Free","20","действует","открытая сеть","","37.452572","55.860486","20660226",
75,"Точка доступа №49","Северо-Западный ","Северное Тушино","Государственное автономное учреждение культуры города Москвы «Парк культуры и отдыха «Северное Тушино»","Moscow_WiFi_Free","20","действует","открытая сеть","","37.454351","55.859992","20660230",
76,"Точка доступа №44","Северо-Западный ","Северное Тушино","Государственное автономное учреждение культуры города Москвы «Парк культуры и отдыха «Северное Тушино»","Moscow_WiFi_Free","20","действует","открытая сеть","","37.453259","55.860704","20660225",
77,"Точка доступа №51","Северо-Западный ","Северное Тушино","Государственное автономное учреждение культуры города Москвы «Парк культуры и отдыха «Северное Тушино»","Moscow_WiFi_Free","20","действует","открытая сеть","","37.451175","55.859171","20660232",
78,"Точка доступа №43","Северо-Западный ","Северное Тушино","Государственное автономное учреждение культуры города Москвы «Парк культуры и отдыха «Северное Тушино»","Moscow_WiFi_Free","20","действует","открытая сеть","","37.45283","55.861392","20660224",
79,"Точка доступа №50","Северо-Западный ","Северное Тушино","Государственное автономное учреждение культуры города Москвы «Парк культуры и отдыха «Северное Тушино»","Moscow_WiFi_Free","20","действует","открытая сеть","","37.454737","55.859654","20660231",
80,"Точка доступа №47","Северо-Западный ","Северное Тушино","Государственное автономное учреждение культуры города Москвы «Парк культуры и отдыха «Северное Тушино»","Moscow_WiFi_Free","20","действует","открытая сеть","","37.449674","55.859581","20660228",
81,"Точка доступа №57","Северо-Западный ","Северное Тушино","Государственное автономное учреждение культуры города Москвы «Парк культуры и отдыха «Северное Тушино»","Moscow_WiFi_Free","20","действует","открытая сеть","","37.451109","55.857047","20660238",
82,"Точка доступа №53","Северо-Западный ","Северное Тушино","Государственное автономное учреждение культуры города Москвы «Парк культуры и отдыха «Северное Тушино»","Moscow_WiFi_Free","20","действует","открытая сеть","","37.451376","55.858411","20660234",
83,"Точка доступа №54","Северо-Западный ","Северное Тушино","Государственное автономное учреждение культуры города Москвы «Парк культуры и отдыха «Северное Тушино»","Moscow_WiFi_Free","20","действует","открытая сеть","","37.453276","55.858809","20660235",
84,"Точка доступа №56","Северо-Западный ","Северное Тушино","Государственное автономное учреждение культуры города Москвы «Парк культуры и отдыха «Северное Тушино»","Moscow_WiFi_Free","20","действует","открытая сеть","","37.453961","55.857252","20660237",
85,"Точка доступа №60","Северо-Западный ","Северное Тушино","Государственное автономное учреждение культуры города Москвы «Парк культуры и отдыха «Северное Тушино»","Moscow_WiFi_Free","20","действует","открытая сеть","","37.45418","55.856202","20660241",
86,"Точка доступа №61","Северо-Западный ","Северное Тушино","Государственное автономное учреждение культуры города Москвы «Парк культуры и отдыха «Северное Тушино»","Moscow_WiFi_Free","20","действует","открытая сеть","","37.454995","55.856298","20660242",
87,"Точка доступа №59","Северо-Западный ","Северное Тушино","Государственное автономное учреждение культуры города Москвы «Парк культуры и отдыха «Северное Тушино»","Moscow_WiFi_Free","20","действует","открытая сеть","","37.453","55.856226","20660240",
88,"Точка доступа №52","Северо-Западный ","Северное Тушино","Государственное автономное учреждение культуры города Москвы «Парк культуры и отдыха «Северное Тушино»","Moscow_WiFi_Free","20","действует","открытая сеть","","37.450943","55.857687","20660233",
89,"Точка доступа №58","Северо-Западный ","Северное Тушино","Государственное автономное учреждение культуры города Москвы «Парк культуры и отдыха «Северное Тушино»","Moscow_WiFi_Free","20","действует","открытая сеть","","37.451236","55.855659","20660239",
90,"Точка доступа №55","Северо-Западный ","Северное Тушино","Государственное автономное учреждение культуры города Москвы «Парк культуры и отдыха «Северное Тушино»","Moscow_WiFi_Free","20","действует","открытая сеть","","37.455442","55.856661","20660236",
91,"Точка доступа №66","Северо-Западный ","Северное Тушино","Государственное автономное учреждение культуры города Москвы «Парк культуры и отдыха «Северное Тушино»","Moscow_WiFi_Free","20","действует","открытая сеть","","37.452556","55.852581","20660247",
92,"Точка доступа №63","Северо-Западный ","Северное Тушино","Государственное автономное учреждение культуры города Москвы «Парк культуры и отдыха «Северное Тушино»","Moscow_WiFi_Free","20","действует","открытая сеть","","37.453579","55.85526","20660244",
93,"Точка доступа №69","Северо-Западный ","Северное Тушино","Государственное автономное учреждение культуры города Москвы «Парк культуры и отдыха «Северное Тушино»","Moscow_WiFi_Free","20","действует","открытая сеть","","37.455111","55.852882","20660250",
94,"Точка доступа №62","Северо-Западный ","Северное Тушино","Государственное автономное учреждение культуры города Москвы «Парк культуры и отдыха «Северное Тушино»","Moscow_WiFi_Free","20","действует","открытая сеть","","37.45566","55.855598","20660243",
95,"Точка доступа №70","Северо-Западный ","Северное Тушино","Государственное автономное учреждение культуры города Москвы «Парк культуры и отдыха «Северное Тушино»","Moscow_WiFi_Free","20","действует","открытая сеть","","37.455905","55.852243","20660251",
96,"Точка доступа №67","Северо-Западный ","Северное Тушино","Государственное автономное учреждение культуры города Москвы «Парк культуры и отдыха «Северное Тушино»","Moscow_WiFi_Free","20","действует","открытая сеть","","37.452941","55.852665","20660248",
97,"Точка доступа №65","Северо-Западный ","Северное Тушино","Государственное автономное учреждение культуры города Москвы «Парк культуры и отдыха «Северное Тушино»","Moscow_WiFi_Free","20","действует","открытая сеть","","37.452763","55.853944","20660246",
98,"Точка доступа №68","Северо-Западный ","Северное Тушино","Государственное автономное учреждение культуры города Москвы «Парк культуры и отдыха «Северное Тушино»","Moscow_WiFi_Free","20","действует","открытая сеть","","37.45406","55.852774","20660249",
99,"Точка доступа №71","Северо-Западный ","Северное Тушино","Государственное автономное учреждение культуры города Москвы «Парк культуры и отдыха «Северное Тушино»","Moscow_WiFi_Free","20","действует","открытая сеть","","37.455476","55.851844","20660252",
100,"Точка доступа №64","Северо-Западный ","Северное Тушино","Государственное автономное учреждение культуры города Москвы «Парк культуры и отдыха «Северное Тушино»","Moscow_WiFi_Free","20","действует","открытая сеть","","37.45345","55.854476","20660245",
101,"Точка доступа №78","Центральный ","Таганский","Государственное автономное учреждение культуры города Москвы «Парк культуры и отдыха «Таганский»","Moscow_WiFi_Free","20","действует","открытая сеть","","37.666424","55.737660","20660259",
102,"Точка доступа №73","Северо-Западный ","Северное Тушино","Государственное автономное учреждение культуры города Москвы «Парк культуры и отдыха «Северное Тушино»","Moscow_WiFi_Free","20","действует","открытая сеть","","37.45288","55.851844","20660254",
103,"Точка доступа №79","Центральный ","Таганский","Государственное автономное учреждение культуры города Москвы «Парк культуры и отдыха «Таганский»","Moscow_WiFi_Free","20","действует","открытая сеть","","37.666693","55.737175","20660260",
104,"Точка доступа №76","Центральный ","Таганский","Государственное автономное учреждение культуры города Москвы «Парк культуры и отдыха «Таганский»","Moscow_WiFi_Free","20","действует","открытая сеть","","37.666948","55.738433","20660257",
105,"Точка доступа №77","Центральный ","Таганский","Государственное автономное учреждение культуры города Москвы «Парк культуры и отдыха «Таганский»","Moscow_WiFi_Free","20","действует","открытая сеть","","37.666274","55.737962","20660258",
106,"Точка доступа №72","Северо-Западный ","Северное Тушино","Государственное автономное учреждение культуры города Москвы «Парк культуры и отдыха «Северное Тушино»","Moscow_WiFi_Free","20","действует","открытая сеть","","37.454253","55.851555","20660253",
107,"Точка доступа №74","Северо-Западный ","Северное Тушино","Государственное автономное учреждение культуры города Москвы «Парк культуры и отдыха «Северное Тушино»","Moscow_WiFi_Free","20","действует","открытая сеть","","37.451733","55.860149","20660255",
108,"Точка доступа №80","Центральный ","Таганский","Государственное автономное учреждение культуры города Москвы «Парк культуры и отдыха «Таганский»","Moscow_WiFi_Free","20","действует","открытая сеть","","37.667625","55.737129","20660261",
109,"Точка доступа №81","Центральный ","Таганский","Государственное автономное учреждение культуры города Москвы «Парк культуры и отдыха «Таганский»","Moscow_WiFi_Free","20","действует","открытая сеть","","37.668766","55.737266","20660262",
110,"Точка доступа №75","Центральный ","Таганский","Государственное автономное учреждение культуры города Москвы «Парк культуры и отдыха «Таганский»","Moscow_WiFi_Free","20","действует","открытая сеть","","37.667656","55.738653","20660256",
111,"Точка доступа №85","Центральный ","Таганский","Государственное автономное учреждение культуры города Москвы «Парк культуры и отдыха «Таганский»","Moscow_WiFi_Free","20","действует","открытая сеть","","37.668610","55.738595","20660266",
112,"Точка доступа №82","Центральный ","Таганский","Государственное автономное учреждение культуры города Москвы «Парк культуры и отдыха «Таганский»","Moscow_WiFi_Free","20","действует","открытая сеть","","37.667480","55.737565","20660263",
113,"Точка доступа №88","Западный ","Филёвский Парк","Государственное автономное учреждение культуры города Москвы «Парк культуры и отдыха Фили»","Moscow_WiFi_Free","20","действует","открытая сеть","","37.492043","55.74808","20660269",
114,"Точка доступа №84","Центральный ","Таганский","Государственное автономное учреждение культуры города Москвы «Парк культуры и отдыха «Таганский»","Moscow_WiFi_Free","20","действует","открытая сеть","","37.667495","55.738489","20660265",
115,"Точка доступа №83","Центральный ","Таганский","Государственное автономное учреждение культуры города Москвы «Парк культуры и отдыха «Таганский»","Moscow_WiFi_Free","20","действует","открытая сеть","","37.667327","55.737877","20660264",
116,"Точка доступа №87","Западный ","Филёвский Парк","Государственное автономное учреждение культуры города Москвы «Парк культуры и отдыха Фили»","Moscow_WiFi_Free","20","действует","открытая сеть","","37.491635","55.750706","20660268",
117,"Точка доступа №89","Западный ","Филёвский Парк","Государственное автономное учреждение культуры города Москвы «Парк культуры и отдыха Фили»","Moscow_WiFi_Free","20","действует","открытая сеть","","37.490455","55.7471","20660270",
118,"Точка доступа №91","Западный ","Филёвский Парк","Государственное автономное учреждение культуры города Москвы «Парк культуры и отдыха Фили»","Moscow_WiFi_Free","20","действует","открытая сеть","","37.484061","55.750948","20660272",
119,"Точка доступа №90","Западный ","Филёвский Парк","Государственное автономное учреждение культуры города Москвы «Парк культуры и отдыха Фили»","Moscow_WiFi_Free","20","действует","открытая сеть","","37.489833","55.750815","20660271",
120,"Точка доступа №94","Западный ","Филёвский Парк","Государственное автономное учреждение культуры города Москвы «Парк культуры и отдыха Фили»","Moscow_WiFi_Free","20","действует","открытая сеть","","37.478761","55.750597","20660275",
121,"Точка доступа №98","Западный ","Филёвский Парк","Государственное автономное учреждение культуры города Москвы «Парк культуры и отдыха Фили»","Moscow_WiFi_Free","20","действует","открытая сеть","","37.470349","55.74342","20660279",
122,"Точка доступа №96","Западный ","Филёвский Парк","Государственное автономное учреждение культуры города Москвы «Парк культуры и отдыха Фили»","Moscow_WiFi_Free","20","действует","открытая сеть","","37.47434","55.74791","20660277",
123,"Точка доступа №99","Западный ","Филёвский Парк","Государственное автономное учреждение культуры города Москвы «Парк культуры и отдыха Фили»","Moscow_WiFi_Free","20","действует","открытая сеть","","37.463268","55.741871","20660280",
124,"Точка доступа №92","Западный ","Филёвский Парк","Государственное автономное учреждение культуры города Москвы «Парк культуры и отдыха Фили»","Moscow_WiFi_Free","20","действует","открытая сеть","","37.484061","55.750948","20660273",
125,"Точка доступа №100","Западный ","Филёвский Парк","Государственное автономное учреждение культуры города Москвы «Парк культуры и отдыха Фили»","Moscow_WiFi_Free","20","действует","открытая сеть","","37.460543","55.74106","20660281",
126,"Точка доступа №97","Западный ","Филёвский Парк","Государственное автономное учреждение культуры города Москвы «Парк культуры и отдыха Фили»","Moscow_WiFi_Free","20","действует","открытая сеть","","37.470156","55.744957","20660278",
127,"Точка доступа №95","Западный ","Филёвский Парк","Государственное автономное учреждение культуры города Москвы «Парк культуры и отдыха Фили»","Moscow_WiFi_Free","20","действует","открытая сеть","","37.475606","55.749314","20660276",
128,"Точка доступа №93","Западный ","Филёвский Парк","Государственное автономное учреждение культуры города Москвы «Парк культуры и отдыха Фили»","Moscow_WiFi_Free","20","действует","открытая сеть","","37.484082","55.751093","20660274",
129,"Точка доступа №101","Западный ","Филёвский Парк","Государственное автономное учреждение культуры города Москвы «Парк культуры и отдыха Фили»","Moscow_WiFi_Free","20","действует","открытая сеть","","37.45829","55.738094","20660282",
130,"Точка доступа №107","Западный ","Филёвский Парк","Государственное автономное учреждение культуры города Москвы «Парк культуры и отдыха Фили»","Moscow_WiFi_Free","20","действует","открытая сеть","","37.462279","55.738086","20660288",
131,"Точка доступа №102","Западный ","Филёвский Парк","Государственное автономное учреждение культуры города Москвы «Парк культуры и отдыха Фили»","Moscow_WiFi_Free","20","действует","открытая сеть","","37.454492","55.738602","20660283",
132,"Точка доступа №105","Западный ","Филёвский Парк","Государственное автономное учреждение культуры города Москвы «Парк культуры и отдыха Фили»","Moscow_WiFi_Free","20","действует","открытая сеть","","37.429029","55.74771","20660286",
133,"Точка доступа №104","Западный ","Филёвский Парк","Государственное автономное учреждение культуры города Москвы «Парк культуры и отдыха Фили»","Moscow_WiFi_Free","20","действует","открытая сеть","","37.441453","55.743352","20660285",
134,"Точка доступа №106","Западный ","Филёвский Парк","Государственное автономное учреждение культуры города Москвы «Парк культуры и отдыха Фили»","Moscow_WiFi_Free","20","действует","открытая сеть","","37.434184","55.749011","20660287",
135,"Точка доступа №103","Западный ","Филёвский Парк","Государственное автономное учреждение культуры города Москвы «Парк культуры и отдыха Фили»","Moscow_WiFi_Free","20","действует","открытая сеть","","37.444929","55.741924","20660284",
136,"Точка доступа №111","Западный ","Филёвский Парк","Государственное автономное учреждение культуры города Москвы «Парк культуры и отдыха Фили»","Moscow_WiFi_Free","20","действует","открытая сеть","","37.490851","55.749524","20660292",
137,"Точка доступа №110","Западный ","Филёвский Парк","Государственное автономное учреждение культуры города Москвы «Парк культуры и отдыха Фили»","Moscow_WiFi_Free","20","действует","открытая сеть","","37.433023","55.743794","20660291",
138,"Точка доступа №109","Западный ","Филёвский Парк","Государственное автономное учреждение культуры города Москвы «Парк культуры и отдыха Фили»","Moscow_WiFi_Free","20","действует","открытая сеть","","37.437293","55.741058","20660290",
139,"Точка доступа №108","Западный ","Филёвский Парк","Государственное автономное учреждение культуры города Москвы «Парк культуры и отдыха Фили»","Moscow_WiFi_Free","20","действует","открытая сеть","","37.447314","55.738359","20660289",
140,"Точка доступа №144","Западный ","Раменки","Государственное бюджетное учреждение города Москвы «Молодежный центр «Сетуньский Стан»","Moscow_WiFi_Free","20","действует","открытая сеть","","37.537805","55.730554","20660296",
141,"Точка доступа №114","Восточный ","Перово","Государственное автономное учреждение культуры города Москвы «Перовский парк культуры и отдыха»","Moscow_WiFi_Free","20","действует","открытая сеть","","37.774831","55.73928","20660295",
142,"Точка доступа №146","Западный ","Раменки","Государственное бюджетное учреждение города Москвы «Молодежный центр «Сетуньский Стан»","Moscow_WiFi_Free","20","действует","открытая сеть","","37.538326","55.729959","20660298",
143,"Точка доступа №113","Восточный ","Перово","Государственное автономное учреждение культуры города Москвы «Перовский парк культуры и отдыха»","Moscow_WiFi_Free","20","действует","открытая сеть","","37.774059","55.738862","20660294",
144,"Точка доступа №145","Западный ","Раменки","Государственное бюджетное учреждение города Москвы «Молодежный центр «Сетуньский Стан»","Moscow_WiFi_Free","20","действует","открытая сеть","","37.537934","55.730417","20660297",
145,"Точка доступа №147","Западный ","Раменки","Государственное бюджетное учреждение города Москвы «Молодежный центр «Сетуньский Стан»","Moscow_WiFi_Free","20","действует","открытая сеть","","37.538814","55.72998","20660299",
146,"Точка доступа №149","Западный ","Раменки","Государственное бюджетное учреждение города Москвы «Молодежный центр «Сетуньский Стан»","Moscow_WiFi_Free","20","действует","открытая сеть","","37.539366","55.730277","20660301",
147,"Точка доступа №112","Восточный ","Перово","Государственное автономное учреждение культуры города Москвы «Перовский парк культуры и отдыха»","Moscow_WiFi_Free","20","действует","открытая сеть","","37.451733","55.860149","20660293",
148,"Точка доступа №148","Западный ","Раменки","Государственное бюджетное учреждение города Москвы «Молодежный центр «Сетуньский Стан»","Moscow_WiFi_Free","20","действует","открытая сеть","","37.539045","55.730035","20660300",
149,"Точка доступа №150","Западный ","Раменки","Государственное бюджетное учреждение города Москвы «Молодежный центр «Сетуньский Стан»","Moscow_WiFi_Free","20","действует","открытая сеть","","37.53883","55.730264","20660302",
150,"Точка доступа №151","Западный ","Раменки","Государственное бюджетное учреждение города Москвы «Молодежный центр «Сетуньский Стан»","Moscow_WiFi_Free","20","действует","открытая сеть","","37.538363","55.730301","20660303",
151,"Точка доступа №153","Восточный ","Сокольники","Государственное автономное учреждение культуры города Москвы «Парк культуры и отдыха «Сокольники»","Moscow_WiFi_Free","20","действует","открытая сеть","","37.67746168","55.79316231","20762085",
152,"Точка доступа №158","Восточный ","Измайлово","Государственное автономное учреждение культуры города Москвы «Парк культуры и отдыха «Измайловский»","Moscow_WiFi_Free","20","действует","открытая сеть","","37.75079515","55.77025354","20762090",
153,"Точка доступа №155","Восточный ","Сокольники","Государственное автономное учреждение культуры города Москвы «Парк культуры и отдыха «Сокольники»","Moscow_WiFi_Free","20","действует","открытая сеть","","37.67848538","55.79426706","20762087",
154,"Точка доступа №152","Восточный ","Сокольники","Государственное автономное учреждение культуры города Москвы «Парк культуры и отдыха «Сокольники»","Moscow_WiFi_Free","20","действует","открытая сеть","","37.67774037","55.79276267","20762084",
155,"Точка доступа №156","Восточный ","Сокольники","Государственное автономное учреждение культуры города Москвы «Парк культуры и отдыха «Сокольники»","Moscow_WiFi_Free","20","действует","открытая сеть","","37.67566296","55.79370551","20762088",
156,"Точка доступа №154","Восточный ","Сокольники","Государственное автономное учреждение культуры города Москвы «Парк культуры и отдыха «Сокольники»","Moscow_WiFi_Free","20","действует","открытая сеть","","37.67725679","55.79356184","20762086",
157,"Точка доступа №159","Восточный ","Измайлово","Государственное автономное учреждение культуры города Москвы «Парк культуры и отдыха «Измайловский»","Moscow_WiFi_Free","20","действует","открытая сеть","","37.74915894","55.7764724","20762091",
158,"Точка доступа №160","Восточный ","Измайлово","Государственное автономное учреждение культуры города Москвы «Парк культуры и отдыха «Измайловский»","Moscow_WiFi_Free","20","действует","открытая сеть","","37.74808173","55.77615019","20762092",
159,"Точка доступа №157","Восточный ","Измайлово","Государственное автономное учреждение культуры города Москвы «Парк культуры и отдыха «Измайловский»","Moscow_WiFi_Free","20","действует","открытая сеть","","37.75056743","55.77024212","20762089",
160,"Точка доступа №162","Центральный ","Пресненский","Государственное автономное учреждение культуры города Москвы «Парк культуры и отдыха «Красная Пресня»","Moscow_WiFi_Free","20","действует","открытая сеть","","37.54793091","55.75458605","20762094",
161,"Точка доступа №161","Центральный ","Пресненский","Государственное автономное учреждение культуры города Москвы «Парк культуры и отдыха «Красная Пресня»","Moscow_WiFi_Free","20","действует","открытая сеть","","37.60855872","55.77037071","20762093",
162,"Точка доступа №166","Северо-Восточный ","Лианозово","Государственное автономное учреждение культуры города Москвы «Лианозовский парк культуры и отдыха»","Moscow_WiFi_Free","20","действует","открытая сеть","","37.56747547","55.90042788","20762098",
163,"Точка доступа №164","Центральный ","Пресненский","Государственное автономное учреждение культуры города Москвы «Парк культуры и отдыха «Красная Пресня»","Moscow_WiFi_Free","20","действует","открытая сеть","","37.54959485","55.754122","20762096",
164,"Точка доступа №163","Центральный ","Пресненский","Государственное автономное учреждение культуры города Москвы «Парк культуры и отдыха «Красная Пресня»","Moscow_WiFi_Free","20","действует","открытая сеть","","37.54925824","55.75452613","20762095",
165,"Точка доступа №168","Юго-Восточный ","Кузьминки","Государственное автономное учреждение культуры города Москвы «Парк культуры и отдыха «Кузьминки»","Moscow_WiFi_Free","20","действует","открытая сеть","","37.76639145","55.69709049","20762100",
166,"Точка доступа №170","Юго-Восточный ","Кузьминки","Государственное автономное учреждение культуры города Москвы «Парк культуры и отдыха «Кузьминки»","Moscow_WiFi_Free","20","действует","открытая сеть","","37.76932335","55.69511166","20762102",
167,"Точка доступа №165","Центральный ","Пресненский","Государственное автономное учреждение культуры города Москвы «Парк культуры и отдыха «Красная Пресня»","Moscow_WiFi_Free","20","действует","открытая сеть","","37.55102844","55.75478682","20762097",
168,"Точка доступа №167","Юго-Восточный ","Кузьминки","Государственное автономное учреждение культуры города Москвы «Парк культуры и отдыха «Кузьминки»","Moscow_WiFi_Free","20","действует","открытая сеть","","37.76567011","55.69775746","20762099",
169,"Точка доступа №169","Юго-Восточный ","Кузьминки","Государственное автономное учреждение культуры города Москвы «Парк культуры и отдыха «Кузьминки»","Moscow_WiFi_Free","20","действует","открытая сеть","","37.76691403","55.69659031","20762101",
170,"Точка доступа №172","Северо-Восточный ","Лианозово","Государственное автономное учреждение культуры города Москвы «Лианозовский парк культуры и отдыха»","Moscow_WiFi_Free","20","действует","открытая сеть","","37.56829618","55.90050348","20762104",
171,"Точка доступа №173","Северо-Восточный ","Лианозово","Государственное автономное учреждение культуры города Москвы «Лианозовский парк культуры и отдыха»","Moscow_WiFi_Free","20","действует","открытая сеть","","37.56974549","55.89965432","20762105",
172,"Точка доступа №171","Юго-Восточный ","Кузьминки","Государственное автономное учреждение культуры города Москвы «Парк культуры и отдыха «Кузьминки»","Moscow_WiFi_Free","20","действует","открытая сеть","","37.76900453","55.69463706","20762103",
173,"Точка доступа №177","Северо-Восточный ","Лианозово","Государственное автономное учреждение культуры города Москвы «Лианозовский парк культуры и отдыха»","Moscow_WiFi_Free","20","действует","открытая сеть","","37.57291961","55.89951823","20762109",
174,"Точка доступа №179","Центральный ","Пресненский","Государственное автономное учреждение культуры города Москвы «Парк культуры и отдыха «Красная Пресня»","Moscow_WiFi_Free","20","действует","открытая сеть","","37.55214554","55.75508342","20762111",
175,"Точка доступа №178","Северо-Восточный ","Лианозово","Государственное автономное учреждение культуры города Москвы «Лианозовский парк культуры и отдыха»","Moscow_WiFi_Free","20","действует","открытая сеть","","37.57124762","55.89881817","20762110",
176,"Точка доступа №175","Северо-Восточный ","Лианозово","Государственное автономное учреждение культуры города Москвы «Лианозовский парк культуры и отдыха»","Moscow_WiFi_Free","20","действует","открытая сеть","","37.57247259","55.90138276","20762107",
177,"Точка доступа №176","Северо-Восточный ","Лианозово","Государственное автономное учреждение культуры города Москвы «Лианозовский парк культуры и отдыха»","Moscow_WiFi_Free","20","действует","открытая сеть","","37.57317549","55.90064686","20762108",
178,"Точка доступа №180","Центральный ","Пресненский","Государственное автономное учреждение культуры города Москвы «Парк культуры и отдыха «Красная Пресня»","Moscow_WiFi_Free","20","действует","открытая сеть","","37.55130308","55.75535705","20762112",
179,"Точка доступа №174","Северо-Восточный ","Лианозово","Государственное автономное учреждение культуры города Москвы «Лианозовский парк культуры и отдыха»","Moscow_WiFi_Free","20","действует","открытая сеть","","37.57139134","55.90110059","20762106",
180,"Точка доступа №211","Юго-Восточный ","Кузьминки","Государственное автономное учреждение культуры города Москвы «Парк культуры и отдыха «Кузьминки»","Moscow_WiFi_Free","20","действует","открытая сеть","","37.76564639","55.69424867","20762115",
181,"Точка доступа №210","Юго-Восточный ","Кузьминки","Государственное автономное учреждение культуры города Москвы «Парк культуры и отдыха «Кузьминки»","Moscow_WiFi_Free","20","действует","открытая сеть","","37.76623938","55.69482962","20762114",
182,"Точка доступа №217","Северо-Восточный ","Лианозово","Государственное автономное учреждение культуры города Москвы «Лианозовский парк культуры и отдыха»","Moscow_WiFi_Free","20","действует","открытая сеть","","37.57005704","55.90122076","20762121",
183,"Точка доступа №213","Юго-Восточный ","Кузьминки","Государственное автономное учреждение культуры города Москвы «Парк культуры и отдыха «Кузьминки»","Moscow_WiFi_Free","20","действует","открытая сеть","","37.76726585","55.69418575","20762117",
184,"Точка доступа №214","Юго-Восточный ","Кузьминки","Государственное автономное учреждение культуры города Москвы «Парк культуры и отдыха «Кузьминки»","Moscow_WiFi_Free","20","действует","открытая сеть","","37.76771273","55.69493337","20762118",
185,"Точка доступа №212","Юго-Восточный ","Кузьминки","Государственное автономное учреждение культуры города Москвы «Парк культуры и отдыха «Кузьминки»","Moscow_WiFi_Free","20","действует","открытая сеть","","37.76452958","55.69397778","20762116",
186,"Точка доступа №215","Восточный ","Сокольники","Государственное автономное учреждение культуры города Москвы «Парк культуры и отдыха «Сокольники»","Moscow_WiFi_Free","20","действует","открытая сеть","","37.67011618","55.79471493","20762119",
187,"Точка доступа №209","Юго-Восточный ","Кузьминки","Государственное автономное учреждение культуры города Москвы «Парк культуры и отдыха «Кузьминки»","Moscow_WiFi_Free","20","действует","открытая сеть","","37.76689259","55.69498268","20762113",
188,"Точка доступа №218","Северо-Восточный ","Лианозово","Государственное автономное учреждение культуры города Москвы «Лианозовский парк культуры и отдыха»","Moscow_WiFi_Free","20","действует","открытая сеть","","37.56850234","55.90108855","20762122",
189,"Точка доступа №216","Северо-Восточный ","Лианозово","Государственное автономное учреждение культуры города Москвы «Лианозовский парк культуры и отдыха»","Moscow_WiFi_Free","20","действует","открытая сеть","","37.57118284","55.90158371","20762120",
190,"Точка доступа №219","Северо-Восточный ","Лианозово","Государственное автономное учреждение культуры города Москвы «Лианозовский парк культуры и отдыха»","Moscow_WiFi_Free","20","действует","открытая сеть","","37.56713924","55.90044886","20762123",
191,"Точка доступа №225","Северо-Восточный ","Лианозово","Государственное автономное учреждение культуры города Москвы «Лианозовский парк культуры и отдыха»","Moscow_WiFi_Free","20","действует","открытая сеть","","37.57115167","55.90072229","20762129",
192,"Точка доступа №222","Северо-Восточный ","Лианозово","Государственное автономное учреждение культуры города Москвы «Лианозовский парк культуры и отдыха»","Moscow_WiFi_Free","20","действует","открытая сеть","","37.56783285","55.89917594","20762126",
193,"Точка доступа №223","Северо-Восточный ","Лианозово","Государственное автономное учреждение культуры города Москвы «Лианозовский парк культуры и отдыха»","Moscow_WiFi_Free","20","действует","открытая сеть","","37.57123231","55.8997016","20762127",
194,"Точка доступа №224","Северо-Восточный ","Лианозово","Государственное автономное учреждение культуры города Москвы «Лианозовский парк культуры и отдыха»","Moscow_WiFi_Free","20","действует","открытая сеть","","37.57064965","55.90028414","20762128",
195,"Точка доступа №227","Северо-Восточный ","Лианозово","Государственное автономное учреждение культуры города Москвы «Лианозовский парк культуры и отдыха»","Moscow_WiFi_Free","20","действует","открытая сеть","","37.57241123","55.90137032","20762131",
196,"Точка доступа №221","Северо-Восточный ","Лианозово","Государственное автономное учреждение культуры города Москвы «Лианозовский парк культуры и отдыха»","Moscow_WiFi_Free","20","действует","открытая сеть","","37.56826357","55.8999908","20762125",
197,"Точка доступа №220","Северо-Восточный ","Лианозово","Государственное автономное учреждение культуры города Москвы «Лианозовский парк культуры и отдыха»","Moscow_WiFi_Free","20","действует","открытая сеть","","37.56702062","55.9003408","20762124",
198,"Точка доступа №226","Северо-Восточный ","Лианозово","Государственное автономное учреждение культуры города Москвы «Лианозовский парк культуры и отдыха»","Moscow_WiFi_Free","20","действует","открытая сеть","","37.57141999","55.90173685","20762130",
199,"Точка доступа №228","Северо-Восточный ","Лианозово","Государственное автономное учреждение культуры города Москвы «Лианозовский парк культуры и отдыха»","Moscow_WiFi_Free","20","действует","открытая сеть","","37.57001263","55.90122198","20762132",
200,"Точка доступа №237","Северо-Восточный ","Лианозово","Государственное автономное учреждение культуры города Москвы «Лианозовский парк культуры и отдыха»","Moscow_WiFi_Free","20","действует","открытая сеть","","37.57079794","55.89924677","20762141",
201,"Точка доступа №230","Юго-Восточный ","Кузьминки","Государственное автономное учреждение культуры города Москвы «Парк культуры и отдыха «Кузьминки»","Moscow_WiFi_Free","20","действует","открытая сеть","","37.76759632","55.69421237","20762134",
202,"Точка доступа №233","Юго-Восточный ","Кузьминки","Государственное автономное учреждение культуры города Москвы «Парк культуры и отдыха «Кузьминки»","Moscow_WiFi_Free","20","действует","открытая сеть","","37.76941597","55.69450546","20762137",
203,"Точка доступа №236","Северо-Восточный ","Лианозово","Государственное автономное учреждение культуры города Москвы «Лианозовский парк культуры и отдыха»","Moscow_WiFi_Free","20","действует","открытая сеть","","37.57169673","55.89924031","20762140",
204,"Точка доступа №231","Юго-Восточный ","Кузьминки","Государственное автономное учреждение культуры города Москвы «Парк культуры и отдыха «Кузьминки»","Moscow_WiFi_Free","20","действует","открытая сеть","","37.76794093","55.69415221","20762135",
205,"Точка доступа №234","Юго-Восточный ","Кузьминки","Государственное автономное учреждение культуры города Москвы «Парк культуры и отдыха «Кузьминки»","Moscow_WiFi_Free","20","действует","открытая сеть","","37.76988567","55.69428104","20762138",
206,"Точка доступа №235","Юго-Восточный ","Кузьминки","Государственное автономное учреждение культуры города Москвы «Парк культуры и отдыха «Кузьминки»","Moscow_WiFi_Free","20","действует","открытая сеть","","37.76891602","55.69522899","20762139",
207,"Точка доступа №232","Юго-Восточный ","Кузьминки","Государственное автономное учреждение культуры города Москвы «Парк культуры и отдыха «Кузьминки»","Moscow_WiFi_Free","20","действует","открытая сеть","","37.76827678","55.69404216","20762136",
208,"Точка доступа №229","Северо-Восточный ","Лианозово","Государственное автономное учреждение культуры города Москвы «Лианозовский парк культуры и отдыха»","Moscow_WiFi_Free","20","действует","открытая сеть","","37.5684727","55.90107312","20762133",
209,"Точка доступа №238","Северо-Восточный ","Лианозово","Государственное автономное учреждение культуры города Москвы «Лианозовский парк культуры и отдыха»","Moscow_WiFi_Free","20","действует","открытая сеть","","37.56779266","55.90040454","20762142",
210,"Точка доступа №185","Восточный ","Сокольники","Государственное автономное учреждение культуры города Москвы «Парк культуры и отдыха «Сокольники»","Moscow_WiFi_Free","20","действует","открытая сеть","","37.67655039","55.7940619","20762148",
211,"Точка доступа №181","Центральный ","Пресненский","Государственное автономное учреждение культуры города Москвы «Парк культуры и отдыха «Красная Пресня»","Moscow_WiFi_Free","20","действует","открытая сеть","","37.54947013","55.7554885","20762144",
212,"Точка доступа №183","Центральный ","Пресненский","Государственное автономное учреждение культуры города Москвы «Парк культуры и отдыха «Красная Пресня»","Moscow_WiFi_Free","20","действует","открытая сеть","","37.55067122","55.75554743","20762146",
213,"Точка доступа №188","Восточный ","Сокольники","Государственное автономное учреждение культуры города Москвы «Парк культуры и отдыха «Сокольники»","Moscow_WiFi_Free","20","действует","открытая сеть","","37.67592322","55.79436341","20762151",
214,"Точка доступа №182","Центральный ","Пресненский","Государственное автономное учреждение культуры города Москвы «Парк культуры и отдыха «Красная Пресня»","Moscow_WiFi_Free","20","действует","открытая сеть","","37.55018642","55.75540504","20762145",
215,"Точка доступа №189","Восточный ","Сокольники","Государственное автономное учреждение культуры города Москвы «Парк культуры и отдыха «Сокольники»","Moscow_WiFi_Free","20","действует","открытая сеть","","37.67496975","55.79433149","20762152",
216,"Точка доступа №187","Восточный ","Сокольники","Государственное автономное учреждение культуры города Москвы «Парк культуры и отдыха «Сокольники»","Moscow_WiFi_Free","20","действует","открытая сеть","","37.67740529","55.79468448","20762150",
217,"Точка доступа №186","Восточный ","Сокольники","Государственное автономное учреждение культуры города Москвы «Парк культуры и отдыха «Сокольники»","Moscow_WiFi_Free","20","действует","открытая сеть","","37.67700934","55.79434404","20762149",
218,"Точка доступа №239","Северо-Восточный ","Лианозово","Государственное автономное учреждение культуры города Москвы «Лианозовский парк культуры и отдыха»","Moscow_WiFi_Free","20","действует","открытая сеть","","37.57170509","55.90034413","20762143",
219,"Точка доступа №184","Восточный ","Измайлово","Государственное автономное учреждение культуры города Москвы «Парк культуры и отдыха «Измайловский»","Moscow_WiFi_Free","20","действует","открытая сеть","","37.75071198","55.77010281","20762147",
220,"Точка доступа №192","Восточный ","Сокольники","Государственное автономное учреждение культуры города Москвы «Парк культуры и отдыха «Сокольники»","Moscow_WiFi_Free","20","действует","открытая сеть","","37.67647538","55.79520387","20762155",
221,"Точка доступа №191","Восточный ","Сокольники","Государственное автономное учреждение культуры города Москвы «Парк культуры и отдыха «Сокольники»","Moscow_WiFi_Free","20","действует","открытая сеть","","37.67516676","55.79499661","20762154",
222,"Точка доступа №190","Восточный ","Сокольники","Государственное автономное учреждение культуры города Москвы «Парк культуры и отдыха «Сокольники»","Moscow_WiFi_Free","20","действует","открытая сеть","","37.67597631","55.79491466","20762153",
223,"Точка доступа №197","Восточный ","Сокольники","Государственное автономное учреждение культуры города Москвы «Парк культуры и отдыха «Сокольники»","Moscow_WiFi_Free","20","действует","открытая сеть","","37.67702064","55.79591364","20762160",
224,"Точка доступа №199","Восточный ","Сокольники","Государственное автономное учреждение культуры города Москвы «Парк культуры и отдыха «Сокольники»","Moscow_WiFi_Free","20","действует","открытая сеть","","37.67854825","55.79510346","20762162",
225,"Точка доступа №196","Восточный ","Сокольники","Государственное автономное учреждение культуры города Москвы «Парк культуры и отдыха «Сокольники»","Moscow_WiFi_Free","20","действует","открытая сеть","","37.67507661","55.79700956","20762159",
226,"Точка доступа №194","Восточный ","Сокольники","Государственное автономное учреждение культуры города Москвы «Парк культуры и отдыха «Сокольники»","Moscow_WiFi_Free","20","действует","открытая сеть","","37.67596481","55.79564186","20762157",
227,"Точка доступа №195","Восточный ","Сокольники","Государственное автономное учреждение культуры города Москвы «Парк культуры и отдыха «Сокольники»","Moscow_WiFi_Free","20","действует","открытая сеть","","37.67479067","55.79532271","20762158",
228,"Точка доступа №193","Восточный ","Сокольники","Государственное автономное учреждение культуры города Москвы «Парк культуры и отдыха «Сокольники»","Moscow_WiFi_Free","20","действует","открытая сеть","","37.67718466","55.79533594","20762156",
229,"Точка доступа №198","Восточный ","Сокольники","Государственное автономное учреждение культуры города Москвы «Парк культуры и отдыха «Сокольники»","Moscow_WiFi_Free","20","действует","открытая сеть","","37.67774541","55.79573675","20762161",
230,"Точка доступа №205","Восточный ","Сокольники","Государственное автономное учреждение культуры города Москвы «Парк культуры и отдыха «Сокольники»","Moscow_WiFi_Free","20","действует","открытая сеть","","37.66565541","55.79423739","20762168",
231,"Точка доступа №206","Восточный ","Сокольники","Государственное автономное учреждение культуры города Москвы «Парк культуры и отдыха «Сокольники»","Moscow_WiFi_Free","20","действует","открытая сеть","","37.66293835","55.79513216","20762169",
232,"Точка доступа №200","Восточный ","Сокольники","Государственное автономное учреждение культуры города Москвы «Парк культуры и отдыха «Сокольники»","Moscow_WiFi_Free","20","действует","открытая сеть","","37.67227106","55.79456104","20762163",
233,"Точка доступа №204","Восточный ","Сокольники","Государственное автономное учреждение культуры города Москвы «Парк культуры и отдыха «Сокольники»","Moscow_WiFi_Free","20","действует","открытая сеть","","37.66751397","55.79482899","20762167",
234,"Точка доступа №202","Восточный ","Сокольники","Государственное автономное учреждение культуры города Москвы «Парк культуры и отдыха «Сокольники»","Moscow_WiFi_Free","20","действует","открытая сеть","","37.66828213","55.79296008","20762165",
235,"Точка доступа №208","Юго-Восточный ","Кузьминки","Государственное автономное учреждение культуры города Москвы «Парк культуры и отдыха «Кузьминки»","Moscow_WiFi_Free","20","действует","открытая сеть","","37.76725306","55.69539778","20762171",
236,"Точка доступа №203","Восточный ","Сокольники","Государственное автономное учреждение культуры города Москвы «Парк культуры и отдыха «Сокольники»","Moscow_WiFi_Free","20","действует","открытая сеть","","37.66759078","55.79305845","20762166",
237,"Точка доступа №207","Юго-Восточный ","Кузьминки","Государственное автономное учреждение культуры города Москвы «Парк культуры и отдыха «Кузьминки»","Moscow_WiFi_Free","20","действует","открытая сеть","","37.7686967","55.69423017","20762170",
238,"Точка доступа №201","Восточный ","Сокольники","Государственное автономное учреждение культуры города Москвы «Парк культуры и отдыха «Сокольники»","Moscow_WiFi_Free","20","действует","открытая сеть","","37.67271808","55.7945319","20762164",
239,"Точка доступа №86","Западный ","Филёвский Парк","Государственное автономное учреждение культуры города Москвы «Парк культуры и отдыха Фили»","Moscow_WiFi_Free","20","действует","открытая сеть","","37.493094","55.75279","20660267",
